<?xml version="1.0" encoding="UTF-8"?>

<mule xmlns:ee="http://www.mulesoft.org/schema/mule/ee/core" xmlns:http="http://www.mulesoft.org/schema/mule/http"
	xmlns="http://www.mulesoft.org/schema/mule/core"
	xmlns:doc="http://www.mulesoft.org/schema/mule/documentation" xmlns:xsi="http://www.w3.org/2001/XMLSchema-instance" xsi:schemaLocation="http://www.mulesoft.org/schema/mule/core http://www.mulesoft.org/schema/mule/core/current/mule.xsd
http://www.mulesoft.org/schema/mule/http http://www.mulesoft.org/schema/mule/http/current/mule-http.xsd
http://www.mulesoft.org/schema/mule/ee/core http://www.mulesoft.org/schema/mule/ee/core/current/mule-ee.xsd">
	<http:listener-config name="HTTP_Listener_config" doc:name="HTTP Listener config" doc:id="c462b37a-8897-4677-8723-b62c6de008bf" basePath="/flowtwo" >
		<http:listener-connection host="0.0.0.0" port="8081" />
	</http:listener-config>
	<flow name="firstappflow1Flow" doc:id="4f25222f-c860-40e8-8fec-994d60b39c4a" >
		<http:listener doc:name="GET  /flowone" doc:id="625dbd8e-f31d-421d-a03d-b57eb58ae457" config-ref="HTTP_Listener_config" path="/flowone" allowedMethods="GET"/>
		<flow-ref doc:name="Flow Reference" doc:id="e8d9984a-2c60-46d6-abc2-5229c66a5740" name="firstappflow1Flow1"/>
		<set-payload value=" flow 1 payload" doc:name="flowone" doc:id="b04f4065-b27c-4adc-bf5d-0f0d787e4342" />
	</flow>
	<flow name="firstappflow1Flow1" doc:id="e8bcd678-e075-4caa-b27a-91c0ceafded5" >
		<http:listener doc:name="GET /flowtwo" doc:id="0cbf9bad-5673-47eb-8c46-75f6cc918064" path="/flowtwo" config-ref="HTTP_Listener_config"/>
		<ee:transform doc:name="Transform Message" doc:id="f83fd196-cc89-489c-b2a3-95aaff0a8d00" >
			<ee:message >
				<ee:set-payload ><![CDATA[%dw 2.0
import * from dw::Runtime
output application/java
---
{
	"user" : 1
}
wait 5000]]></ee:set-payload>
			</ee:message>
		</ee:transform>
		<logger level="INFO" doc:name="Logger" doc:id="5b60e397-f1d5-41c4-ad33-ff8fa1bdf162" message="flowtwo invoked from flowone" doc:description="flowtwo logger message: invoked logic from flowone"/>
		<set-payload value="flow 2 payload" doc:name="flowtwo" doc:id="71a06d42-bb60-4206-8e6d-a8a0c00f26a2" />
	</flow>
	<flow name="privateflow" doc:id="0a0dd489-4e5d-4c87-8660-2686389c9b1b">
		<ee:transform doc:name="Transform Message" doc:id="1f34e61e-446c-4efb-9a8a-03a1f31a6df8">
			<ee:message>
				<ee:set-payload><![CDATA[%dw 2.0
import * from dw::Runtime
output application/java
---
{
	"user" : 1
}
wait 5000]]></ee:set-payload>
			</ee:message>
		</ee:transform>
		<logger level="INFO" doc:name="Logger" doc:id="98c62372-6450-47ec-8863-364deb1f0fd6" message="private log" />
	</flow>
</mule>
