<?xml version='1.0' encoding='UTF-8'?>
<types:mule xmlns:types="http://www.mulesoft.org/schema/mule/types">
  <types:catalog>
    <types:type name="auto_e8bcd678-e075-4caa-b27a-91c0ceafded5_Output-Attributes" format="java">
      <types:shape format="weave" example="weave/autogenerated/e8bcd678-e075-4caa-b27a-91c0ceafded5/Output-Attributes.wev" autogeneratedOrigin="e8d9984a-2c60-46d6-abc2-5229c66a5740"><![CDATA[%dw 2.0

type auto_e8bcd678_e075_4caa_b27a_91c0ceafded5_Output_Attributes = {|
  listenerPath: String, 
  rawRequestPath: String, 
  relativePath: String, 
  maskedRequestPath: String, 
  version: String, 
  scheme: String, 
  method: String, 
  requestUri: String, 
  rawRequestUri: String, 
  queryString: String, 
  localAddress: String, 
  remoteAddress: String, 
  clientCertificate?: java_security_cert_Certificate, 
  queryParams: { _?: String }, 
  uriParams: { _?: String }, 
  requestPath: String, 
  headers: { _?: String }
|} {"typeAlias": "HttpRequestAttributes",
"typeId": "org.mule.extension.http.api.HttpRequestAttributes"}
type java_security_cert_Certificate = {|
  encoded?: Binary, 
  publicKey?: java_security_PublicKey, 
  "type"?: String
|} {"typeAlias": "Certificate",
"typeId": "java.security.cert.Certificate"}
type java_security_PublicKey = {|  |} {"typeAlias": "PublicKey",
"typeId": "java.security.PublicKey"}





]]></types:shape>
    </types:type>
    <types:type name="auto_e8bcd678-e075-4caa-b27a-91c0ceafded5_Input-Payload" format="java">
      <types:shape format="weave" example="weave/autogenerated/e8bcd678-e075-4caa-b27a-91c0ceafded5/Input-Payload.wev" autogeneratedOrigin="e8d9984a-2c60-46d6-abc2-5229c66a5740"><![CDATA[%dw 2.0

type auto_e8bcd678_e075_4caa_b27a_91c0ceafded5_Input_Payload = Any

]]></types:shape>
    </types:type>
    <types:type name="auto_e8bcd678-e075-4caa-b27a-91c0ceafded5_Input-Attributes" format="java">
      <types:shape format="weave" example="weave/autogenerated/e8bcd678-e075-4caa-b27a-91c0ceafded5/Input-Attributes.wev" autogeneratedOrigin="e8d9984a-2c60-46d6-abc2-5229c66a5740"><![CDATA[%dw 2.0

type auto_e8bcd678_e075_4caa_b27a_91c0ceafded5_Input_Attributes = {|
  listenerPath: String, 
  rawRequestPath: String, 
  relativePath: String, 
  maskedRequestPath: String, 
  version: String, 
  scheme: String, 
  method: String, 
  requestUri: String, 
  rawRequestUri: String, 
  queryString: String, 
  localAddress: String, 
  remoteAddress: String, 
  clientCertificate?: java_security_cert_Certificate, 
  queryParams: { _?: String }, 
  uriParams: { _?: String }, 
  requestPath: String, 
  headers: { _?: String }
|} {"typeAlias": "HttpRequestAttributes",
"typeId": "org.mule.extension.http.api.HttpRequestAttributes"}
type java_security_cert_Certificate = {|
  encoded?: Binary, 
  publicKey?: java_security_PublicKey, 
  "type"?: String
|} {"typeAlias": "Certificate",
"typeId": "java.security.cert.Certificate"}
type java_security_PublicKey = {|  |} {"typeAlias": "PublicKey",
"typeId": "java.security.PublicKey"}





]]></types:shape>
    </types:type>
    <types:type name="auto_e8bcd678-e075-4caa-b27a-91c0ceafded5_Output-Payload" format="java">
      <types:shape format="raml" autogeneratedOrigin="e8d9984a-2c60-46d6-abc2-5229c66a5740"><![CDATA[#%RAML 1.0 DataType
type: string]]></types:shape>
    </types:type>
  </types:catalog>
  <types:enrichment select="#e8bcd678-e075-4caa-b27a-91c0ceafded5">
    <types:processor-declaration>
      <types:input-event>
        <types:message>
          <types:payload type="auto_e8bcd678-e075-4caa-b27a-91c0ceafded5_Input-Payload"/>
          <types:attributes type="auto_e8bcd678-e075-4caa-b27a-91c0ceafded5_Input-Attributes"/>
        </types:message>
      </types:input-event>
      <types:output-event>
        <types:message>
          <types:payload type="auto_e8bcd678-e075-4caa-b27a-91c0ceafded5_Output-Payload"/>
          <types:attributes type="auto_e8bcd678-e075-4caa-b27a-91c0ceafded5_Output-Attributes"/>
        </types:message>
      </types:output-event>
    </types:processor-declaration>
  </types:enrichment>
</types:mule>